user_id,post_id,reaction_id,created_at
F-kJfUrEf8EGdzCAp7i-cg,srehav6yOGv0LvyexqFZXA,1,2017-11-20,
ncu5R6dXIgDaObN-0GPtPA,WDhkSoAJZmssI1RlCq87xQ,1,2017-11-15,
ncu5R6dXIgDaObN-0GPtPA,WDhkSoAJZmssI1RlCq87xQ,1,2017-11-15,
T3TxHHWRJ2hnTwlLeHu1VQ,a8_FxEKx4YcJo0DTKj_jUQ,1,2017-11-21,
RHzpeGR2NNsj5ASlfxU-7w,zYDAMT8UjETKRSYGXsbL3A,1,2017-11-19,
LRki_2GO-IGTh-3IBOBOMg,390FWEJVavlpg9VNWQxCWQ,1,2017-01-06,
y6QTHPOEEEK3l6WQfuT4CQ,390FWEJVavlpg9VNWQxCWQ,1,2017-02-27,
Sqe10Up66IxCqCvmt7cYNg,390FWEJVavlpg9VNWQxCWQ,1,2017-03-26,
kHQ20VgbTl1W6lBi5kjSkA,390FWEJVavlpg9VNWQxCWQ,1,2017-03-29,
TF9eVTIQm--1VIQcf9CU2w,390FWEJVavlpg9VNWQxCWQ,1,2017-06-24,
u3-BMH8X6D2hRfDBazzwCA,390FWEJVavlpg9VNWQxCWQ,1,2017-08-14,
xWF7gR_wi7Q6RQ1z6M6ylg,390FWEJVavlpg9VNWQxCWQ,1,2017-08-19,
OFfKhFDqRUCnFeFYogc3mw,390FWEJVavlpg9VNWQxCWQ,1,2017-08-26,
NyTJxiJmXsEMsQq5FeoT-g,3p410D9YzcmgyXQWCcCPiA,1,2017-11-29,
iuKH1uA3raq2IyfHX4xQ4Q,mD8bJbumIGOtlXXuvVNuqw,1,2017-11-22,
hiCEt6RVMW7kc4pnFDjjXQ,920ApAlhxx8dKO82UCBwJg,1,2017-11-18,
hq6afqyjWjzk0tjadyZ56A,920ApAlhxx8dKO82UCBwJg,1,2016-07-30,
7-lmd0KpRLrXIijqPQlcJQ,mFATxfOnIWJoyGzWERru9Q,1,2017-12-10,
F_uBW3pvkrtWoKxUXyRH-A,_rHFjWz38oq4-pH3TlInig,1,2017-11-22,
G60anS-sGDdNrGn3VaW98Q,_rHFjWz38oq4-pH3TlInig,1,2017-12-07,
gxk3kV9SbQPyb0sg4VgwLA,twt2i-TrO6fP9fh5yM3h1g,1,2017-08-16,
CRcYxY6h2ouO9fuTL3EcBQ,twt2i-TrO6fP9fh5yM3h1g,1,2017-10-16,
n2AxoYbpa9RTB0d8esGHGw,rmxFplbiudMQYi_j2gCXcA,1,2017-12-05,
6_9NMvfFcx7GuYwWF62J6g,fOq7DDqqsVm2XOFSL925XA,1,2017-11-24,
56SVm-xqTmR_hVzJ_OZEXg,SDsEevYcyo6Jf7xqpJeosw,1,2017-12-03,
sMvc6FuoBDPXJa6d-TDgPA,SDsEevYcyo6Jf7xqpJeosw,1,2017-12-04,
0qSSZHCGljgqVNaydD0yZw,SZD6OTT1cc-ZznfAoyKudw,1,2017-12-06,
K2pUc-SMzShL2xB72WuQJQ,_qqIn_vR1_xaETgCmqrNGw,1,2017-12-02,
d_7uKkJg1mfV61ZxG3cAfg,IlYNJUylnAinXsuytty70Q,1,2017-12-05,
0HuycpZkW_w42iToVg7mHQ,IlYNJUylnAinXsuytty70Q,1,2017-12-03,
jmnyJqi8PMn4EmocI3ZROg,hO6hZ_1JbcUgU8py6RQUng,1,2017-11-30,
7F3PS0IJvF5BUlsIMm2iNA,mRUVMJkUGxrByzMQ2MuOpA,1,2017-12-06,
A9WQWLL7mN6cwOklTcbppg,AR0b2PPSBfl8SRUGx-QCmA,1,2017-12-03,
bQxvo4r6y6HImAJZShR3Eg,RWwcoU716D8j519RL7paVA,1,2017-12-05,
eqtEDyqn1kCXwlo2OKdW_Q,aY0ZSpAK7h7-SmP6KVS8oA,1,2017-12-07,
