group_id, user_id, joined_at
1,rk8WAi1n5fJrH6PdDNla2g,2020-01-09
2,nKpkzq0gNR7Wah38iNuvWA,2020-01-27
3,NvsyrZGZIxOCNazbU09XhA,2020-01-13
4,u7bltrQRI3YG1mPlSG8HEw,2020-03-07
5,aQCFP-C2i0nS8ItYdoXS1g,2020-02-04
6,0KdqcQ60dQRxVxlppPnD1g,2020-03-13
7,IC3Qsm49uMsilE1ZvH5wYQ,2020-01-13
8,m3R35cEy392g5DLW4YPFig,2020-02-12
9,YMW-QVJKlRXADloX9eNcUQ,2020-03-16
10,WqObtMLZeSqrgwaJPrkTHA,2020-01-13
11,hXdwaqKu8tIky3Ii0nl-9g,2020-02-10
12,BVRoLgIQNj0oyBc7Ar6SsQ,2020-02-18
13,pJz3I8QoRJC9BZDtvgUIZg,2020-03-26
14,k-g4eL-1x4HQXolBUXJmgg,2020-02-21
15,De-XThxFsEyTE5W42WAlZg,2020-02-10
16,gsTHY7PQgBSn0d_UJgCBMg,2020-04-02
17,dluVczdPw4t6f0-YPGJ2qw,2020-02-25
18,UuzoYFoldy_TgbqLpzk9eg,2020-01-26
19,lHBTZpw4eV8yUB8nUjv-qA,2020-03-19
20,R4NvLFN0AAr-zv94K4B0tQ,2020-03-13
21,W26P2zoIWf8p4i17wTsiGg,2020-02-26
22,86y52KX3YJtGUQNc2gxJMg,2020-04-05
23,SRnp9zpCm8W0nd4-SvzfZA,2020-02-09
24,mRyxVfR-GEC72wS0zKtgxA,2020-01-07
25,zVPwxwCc1gqDi_vVHx6TZA,2020-01-08
26,ULvlNZXgJv6-AFnC06Z47g,2020-01-01
27,7FVyfzrXCWND0BazC3nS9g,2020-02-02
28,a4aRZcEGe2J5cNkFOmPIHA,2020-01-09
29,JOjQev0QnOqQDKnJ02bY7A,2020-01-05
30,LLSyphVEDksMHgYffvnh3w,2020-02-08
31,Eo3nXWINKc4aQEtTciw2ZA,2020-03-07
32,KXzFe5WgYn0OLHhC4PTvPQ,2020-03-06
33,SprWxQSY0aY08Qa9x4SdBw,2020-01-17
34,eoEFZ_TpyOx8cqqrfT1tAg,2020-01-22
35,QQ425lLuhoFDDFPgf_MChw,2020-02-08
36,litgItOjtsNRx1dNMfFDCg,2020-02-09
37,49sB6ORDKnexC9yDRm2lXw,2020-03-27
38,oJVWpomIuft9_NVRja7h9A,2020-03-01
39,wskIeehjh5pdUCnxhCJ8gg,2020-02-13
40,MQ08I_umPZfkGeVEzRMLhA,2020-01-23
41,hFefNv6jWn3_cSjN_UwXNg,2020-02-06
42,Y61JFXkieC3be2JYSQqMmQ,2020-02-14
43,Oh5tTYkvUEZXE3BxzGlOmg,2020-02-24
44,NyP8I7W0cJlSsKc4DsNxNQ,2020-04-06
45,gCJr06beTxVbjtUjV4xhxQ,2020-01-17
46,obJ8Tf8Tm66hgXicaaXYhg,2020-01-20
47,j9aGtzLVnkPO4APcZC73Jg,2020-02-22
48,s82GcMN2jDEitfQKUKD4Mw,2020-01-19
49,LFoFl-R9inAUmOobP5vVOA,2020-03-15
50,qdRDWqeTaOji3mMeFfKnqg,2020-02-08
51,CmfXE_g80NiVyDS00hO-QA,2020-04-03
52,pDs4emwGSEhRsGec7D1sqw,2020-03-05
53,tiwxcguI2zqEsUhHGH4Vzg,2020-01-25
54,_C1xHhpo_baZkEqI1ScD2g,2020-03-11
55,KwBUxZE6M2vP5AWgiEs34A,2020-02-12
56,ZWrIZl1NQf7S4MmfMj2VWA,2020-01-31
57,8Q3iGP4CUsVW2uKMHb--CA,2020-03-05
58,dJP1RDSrtDnSDCM2i23Wow,2020-04-04
59,Fl0HJVopNznxlxUxp037Tg,2020-01-18
60,O6hegGzdTcpNxi_050LAEQ,2020-02-15
61,n1-6U4OtahHMG3AHTbMiaw,2020-02-22
62,EDS2syTpt9bTyqewbTUJEg,2020-02-07
63,6BmSfOR1H4pqZVYNpNV_DA,2020-03-23
64,sp6Thrtko5kPXufdOb0gxw,2020-01-29
65,Lop7TtILtSgfjn3PA1thGw,2020-01-29
66,o1bKmwoPRVf69QeMNw1hwQ,2020-01-03
67,eAtSZoiFDotXmJtu95BFsA,2020-03-02
68,UuAsvnbEJptJb0N721gG9w,2020-01-24
69,fTEREDBnaMGZy79lZJOB6w,2020-02-03
70,QSXJCoTetUFWDBfFOOYUCQ,2020-01-20
71,_JIzQKaRjo0oDaaOIwjVvg,2020-03-12
72,YYFJ9rH754IlS6p1a8ZdEA,2020-03-06
73,XEZaBH35XMCw-LbJ5JDKow,2020-03-19
74,libdukS-jQTKTPu4chSMpw,2020-02-08
75,SawWVhWRDq4N14FQP-xFRA,2020-01-15
76,tpbxmFH_V-_VTGF7jJ7k9g,2020-03-26
77,zZrWJA5ibm3mK4z0vm1DYg,2020-03-31
78,YL9bTV9s2l7vGkVW3OyiqA,2020-01-25
79,_ew5Rwr7K-_nWFBSgf4QPg,2020-04-02
80,TUeY_cGaPM0x0xdog0r3Jw,2020-02-04
81,mVHnf8yhyYx7bIuhU9khpA,2020-03-29
82,nzWAeNhw1Z2HVm4gde4Kdw,2020-03-11
83,hTZtyK82nBq8rjBdQXNKlg,2020-02-10
84,C6aQA2OCrj_YeUvnh4tXng,2020-03-21
85,B6T8ZPLl5B7WKU9245Yssg,2020-02-28
86,_HqM7y7UA8kq2jdch10urQ,2020-03-20
87,r18p34iac1nUt8hxf1tj1g,2020-02-15
88,EjEHm85UntnFUx3EKnNg0Q,2020-01-13
89,mnwTifYnaMnlRRNdedkwAQ,2020-02-14
90,_1SnZZc7m835R7x5JZG6fw,2020-03-24
91,0baeFvRiet1DUKYOLSA4kg,2020-01-10
92,vv37m8U3uck01VlBpJYpWg,2020-04-08
93,4WWaqE8t_8wn19fpeNQPiQ,2020-02-29
94,Ot6rnsVs_ZlImYta_E3hfQ,2020-02-18
95,vKZ8sqZOHPY46GUku6-ELQ,2020-03-12
96,dtSK5AKAZIPj4mnkfsqfQQ,2020-01-19
97,_JBuOZHBElkAu9IHVOUm8w,2020-02-16
98,wCLWbv-kTQuMKu6hOB-ftQ,2020-02-02
99,e3PhLkiGZD3oIGG-XN51hQ,2020-04-04
100,oe4wRh7P25WRxyZRzfCyEQ,2020-04-09
101,7BiBVAeTP71fVn8lVsCnGg,2020-01-09
102,EDoAKHB_D0xA9tj5W0saBA,2020-03-15
103,S2Yw360YgPOj2y4S86Im5w,2020-01-19
104,bdLGgf9fGbNIneJ-jofevA,2020-04-01
105,huGqLxVyYr0D0WzGPnyjQg,2020-01-30
106,sDN3w0VeBc4vUolnJE6zVQ,2020-01-19
107,dCnU4iw3UZtKLNxlcRXmaw,2020-02-29
108,eMNXplQ2WDhyLv7bV2Evcw,2020-02-10
109,rVqitkHzC-VNe6iJPu-Iyg,2020-01-17
110,YTiD3l7zfLQsORt--DZ7xA,2020-03-13
111,iAXJxUnGLXgkA83gXw_43w,2020-03-01
112,s2I_jozHRYbZzOjmB7tyPQ,2020-03-18
113,D76EFdD5F7XoIIyQmWTQhA,2020-04-05
114,XRR-7mO9tBZvk2Nm7BpTQA,2020-01-04
115,yZSp4X6kXB-ymJyZwPaZSw,2020-03-03
116,Pon9oz8S7oiXZ6effFhqOw,2020-01-17
117,IyhHYdyhVmYL7VhgMqUTxw,2020-02-09
118,Py1GdHDxA8IYGLkJw-KGtA,2020-02-01
119,F97IsxlCINWn_8E9T77gfw,2020-02-13
120,53b5I0wR9mxjVmKJZp_geg,2020-01-03
121,vF0mtFjLgShKVFNYnupN4g,2020-03-31
122,o0b5WPO1RD8yrQoZ55wBUg,2020-02-27
123,qX4Qu4zm_kOYHXdJsuy_qw,2020-01-06
124,fEBv9uP88JhSShTxaQrDfQ,2020-01-27
125,sRf76ese1RHft--MR8YN_w,2020-01-13
126,pPNeDLYjCQXeJXOqVOSdBQ,2020-04-03
127,GEOi9UUsCP5VUFwgtknblA,2020-01-26
128,dfYA4PKhtxz1L0FJoTppGQ,2020-04-09
129,2ewoGNKLENNqKe1J50EMMw,2020-01-17
130,aKJ_HkuAWUnFpbksP3Zb8g,2020-02-07
131,IehaDH1BYDfbDFN5KcabPg,2020-03-19
132,01mykRF2l7hZGiyCvNhi3Q,2020-02-15
133,idSzEVbaFmKxXZLJA2GFkA,2020-01-23
134,hRrhZIaLkE2AKErilKka1g,2020-01-25
135,4LUgT2XR1C0TTxPDodE8Ew,2020-01-20
136,0NGNAwzi-NCQlz9WTfS_vw,2020-01-19
137,M0sMM5WH2wHzJnOWaaxpcw,2020-01-28
138,slmNagh9P-DaKl6aqPlQDg,2020-01-20
139,L7f1Vs0YGla0SZ7RVNcweQ,2020-01-28
140,iPAqhYwhoHTNIVoiih7Zvw,2020-01-19
141,-tJEIQaboYrertmGuAnY1Q,2020-01-23
142,mRKQDTUWSpLrXLL7Q4QHQQ,2020-01-23
143,Wwg9RsS6748GdLQZlYwmkA,2020-01-11
144,bTts8drMiplHtrNdbmEUrw,2020-03-08
145,Ww5Lv-2xPRwCmVQncefXZg,2020-03-28
146,PSs_tc1WRJSfthYwX73UBw,2020-04-09
147,rF_w0s8soTB4kp4o3nWhSw,2020-01-02
148,Jcm9TEtsUK5EMvDfsuoXOA,2020-01-31
149,utbcvLvZrIUcO1-Eal68Yw,2020-01-18
150,auFnXYuXJmYXTQHP-jaXfw,2020-01-15
151,4bBTaXolNYztaDpNBqYuCw,2020-01-26
152,7ewL7a2onaVetzh-gtSDlA,2020-03-21
153,16g_BffSPJpuuoepUfMh3A,2020-02-16
154,EW7qXFEaE19ibe-opax7Ug,2020-02-22
155,4jmx_MlGupJtwqFFrljCFg,2020-02-22
156,o6agMMfq7R_wfY6KXrtTfg,2020-03-31
157,YhKl7lm4eotW-1zbOPnSlg,2020-01-07
158,qNUt9AVabm826WIv_XzQ8g,2020-03-15
159,OEQY9FgpimLG-IZZexylhQ,2020-02-22
160,0j77CfYkm36AGKcKmQHHEA,2020-04-08
161,UrphYcQr8w76fdKdnrx1pw,2020-01-29
162,fzEKI0JPTezamK0WNhiSDQ,2020-03-13
163,xdCPwZwA9e_fcnuk3ovuAg,2020-01-28
164,-voDS7ZlGKRIkzdbxLk7Iw,2020-02-16
165,PaDaXR40Dga0IbnaET9s3A,2020-03-29
166,xmwQA9CA10VhabrBJVInCg,2020-01-06
167,ErqcY-Tm3_zGt9NH1g_aSw,2020-04-06
168,oeZ6wexgJhc2JwrSUg3Ksg,2020-01-19
169,JGgPp63L08ZexsgO1bLfHw,2020-03-08
170,4pWLUnYSSTp1maQAG46p5g,2020-02-28
171,Hy0x6S4wEBZrwsF-r_albg,2020-01-23
172,S7qXTqLE0jRqTtiVcCn-Qw,2020-03-02
173,QvL0evgRvGKMpjzYg2C-vg,2020-03-19
174,MZGGHzGDndjjt6N0mAfHgg,2020-02-23
175,HZCty7W4JU_4V2herBbiNw,2020-03-05
176,voCyvIKOBpIuxqTWchE0Yg,2020-03-09
177,tWeCqTPR9kzCg4KVQlk2fQ,2020-03-07
178,q8RSKqoE0A08KH5eKoPfKw,2020-04-06
179,rBbusOu_toc6sipEf4MCUg,2020-02-04
180,-KfW1Jsi6sbLxNG94oQRLA,2020-02-20
181,6CI94dEs6LcKR7tdeov0RQ,2020-04-06
182,U0tgR5HqyNqMLX-z9aE8wQ,2020-02-24
183,ZYvBtQH8K3iGkNz9IouxpQ,2020-03-01
184,duYO6l-332cX9AUYAXtWBQ,2020-01-05
185,AvzQTB5h-vSFV9qjhkwuJw,2020-01-08
186,cUdbKG4hCqLbGjB3Tf5s7w,2020-03-06
187,doz_wwj6F6Ln9ykODiLtZA,2020-01-30
188,XCQCQVl4Sgi3eYV-xecF7w,2020-03-25
189,j7mCySxsMzQ4y9wfR5LKNQ,2020-03-08
190,b_H-oUECNFy1T2eCtmT_fA,2020-02-21
191,hfaxAE04Qh0V2OnqiiOVnQ,2020-01-14
192,KrQ4i47LNhd2SpDCHplW4Q,2020-01-10
193,RUJ64rIIr2j_umrt2p0jKg,2020-01-13
194,DzmLx13vpI9KDzQoySPWyA,2020-03-02
195,fR3X67y7138Pu5nsaz0IoQ,2020-01-25
196,LVXUzGtxlolX8v0OLZ7YAg,2020-03-17
197,dTS2JGKyy_LWDgGyGHeU4w,2020-01-01
198,7pmrnCWuiRAffy8kxnyDSw,2020-03-17
199,_TfQc4uyJCFqBihv2tnx-w,2020-01-06
200,Pg8FNVv9MTzIfhG6I66xPg,2020-01-19
201,_erGUbMn7H42SGjmVE-UXg,2020-02-05
202,9-ZqXnt6LPbRfd0KnCOeVA,2020-04-07
203,RlB1rHawGYLvHyBUphHiNA,2020-02-28
204,8LeHyfssYaX4ccV5mP9tfg,2020-02-14
205,LgC5qCPK9NVC-Zc_15UASg,2020-02-16
206,9jDFk0ZbvlNnKFeyY_VDhQ,2020-01-01
207,0PzPGkmIbyxK_cLqqyrMOA,2020-01-28
208,MKsuXuwyVMMnC7XgcOWS8w,2020-01-17
209,ttR9s1EEXXjINGNOC7689A,2020-01-22
210,6F_7vs1iLl-aa8maxTbibA,2020-02-27
211,sb0674jUhQkSBi49UHRLjQ,2020-01-01
212,89sjUUQSIk9wAduB1BBEWA,2020-04-03
213,R0Y8etF-V3MoOgSrdRc0hQ,2020-04-05
214,B8JPFZpKL15b4wrZ0UnObQ,2020-01-22
215,-OhMUW_qEr8uvFrhjDNHJg,2020-01-18
216,rE3w36Z0qvPO0LyMLxIe0w,2020-01-12
217,ldC7DLv0kZ3NM8fMifXrwA,2020-02-07
218,P10AO6I-4C3-zuN9zU9rmw,2020-02-11
219,LNNq-0aQoiJroOYsCLwyuQ,2020-03-16
220,PiiOD-VW5QeaPZO7sb2bhw,2020-02-11
221,Sg5iPFH9AotTKRMVSaSaLQ,2020-04-09
222,uVqDg5pwpLnTkEl-3vtjIg,2020-02-14
223,HrModKYrjF6FattrwESndQ,2020-03-10
224,eCRn4B8tM6nElgCOJSjA3w,2020-02-05
225,NKEYpq7hhdWEvUyJ7sugSQ,2020-04-09
226,EckWVIh4DtdM9zjiVCc9dQ,2020-03-02
227,fN1OJ-GhBUOaeHOiqLDnwQ,2020-02-08
228,e4CR0jWsmNNf5EWF4NjvPg,2020-01-05
229,jEuvLTueRVb63e06KuJcjg,2020-02-02
230,CyYnn03edg9YrO2NIwz_Tw,2020-01-28
231,ATClZgwR5rrO5tEXYRJi8Q,2020-01-19
232,YmOJXh4U5tbhS8gUYZxqRA,2020-02-04
233,CH_WjjtnwssaMmkPoJvVlg,2020-02-23
234,4pre_jvbQf_eKKb7pXh3Hw,2020-01-27
235,gWOFfr93LJ-ALkDyip2CRg,2020-02-13
236,erX45-Rd3P9zpuj1OLGBGw,2020-04-04
237,cEUFb7DNV-w3jbYe7vzXkQ,2020-02-23
238,8JXihzJjM3M4OM6-XaIYjw,2020-03-29
239,hemDAJuG9VnsEv2sLNqmig,2020-02-07
240,I0PmmZdXf9VTkPwPDB0ejw,2020-04-03
241,vLDWAkG4KU5HREOt48xq6g,2020-02-06
242,85dbSejrcYhQEq4w0FAIOg,2020-01-14
243,0A5WHF6q0mdHfA_S80zHjQ,2020-03-17
244,3YorZ6R9AMMQhZ3XkCt8cg,2020-01-26
245,pQVxah1wtzR2U2munUTdtA,2020-01-02
246,dI7zIcT46EHegiCMD2_iQg,2020-01-17
247,7gRlGG_7UCoitw32CGNGNQ,2020-02-29
248,KucuOUUq7REaH-RqbYLNAg,2020-03-22
249,mrI7iGHpEXv3GhEc2QqpCQ,2020-03-30
250,xjKMUpJTjhME8Cfi8H9kQQ,2020-01-04
251,744s5h7-keW-gb7s3g0bZg,2020-03-07
252,LCFNikVuz0vhZk2hlZSicg,2020-02-10
253,IB0ShBxInquEVnDY2vcP4g,2020-01-17
254,yE9HytvnhUylfPGtHwNKWg,2020-02-22
255,-H-2pib-zHUlVT6piwdRhg,2020-04-09
256,brW_0BzmlskoFoycBNoclQ,2020-02-14
257,FPZ1-aVl7nvwxhcqmSqnkA,2020-02-16
258,NnaSiV02BfxIOIqU3hiLKg,2020-03-31
259,6xUKxEuY3e904ekoQPE1SQ,2020-02-13
260,UZGpfdghrQyKiw-pXWsGQA,2020-03-24
261,i3Xn0_5UubKDq2tRk29JKQ,2020-02-12
262,GD_Mnqf-w7I5plYPzelY0A,2020-01-06
263,8h1ZUNJmx2XIAsBQkPOf5Q,2020-03-07
264,tCB0PZ6vwvqCJ8g2nM92hg,2020-03-27
265,X74RigB5aQc3cHudoV9shQ,2020-04-09
266,ajlcoUZcaZxd0brBGUlymQ,2020-01-18
267,4EAzYqVvbsn-9r1iZaxUGQ,2020-01-17
268,fwNmRGDhGAJPUT84xU3PDw,2020-02-01
269,q94_Xoq3pYP-XiwRgdWmMg,2020-03-27
270,6RSHs9oRetNLKewOS_316w,2020-02-01
271,oqaB1tP7UkiFgpvLybTJHg,2020-03-09
272,qvNYbqX2KsbyXjzAbwXuxQ,2020-02-29
273,5DNm95uUF_xmI2BrZFR-NQ,2020-02-07
274,oHewXSQBveJFVgQzN302AA,2020-02-18
275,mvGXiZTGIBzgvUF0-BSrMA,2020-03-04
276,-luWNK99xIHI29laBINFew,2020-02-27
277,ZAUS3queRBJOA9UVeP_vSw,2020-01-18
278,cJeGrq29zXoOZjsZYs8g8A,2020-03-01
279,rbeQkZhk_Mqw31RT0MklXQ,2020-03-03
280,xXrk88qfga6_lZdqFWCsvQ,2020-03-14
281,HjlwbTKzbBoPg4js-eqo-Q,2020-03-19
282,WBP6r7oDUQVajp_S2MDo8A,2020-01-25
283,ZUQnfeo2s6EcfFG9XC7TdQ,2020-03-11
284,O4o9ETrFUeFauIOmuUuQIQ,2020-02-27
285,zTDYbNvE8Ov_Y18mqJrKtg,2020-02-24
286,4xAm8jQ49gq0jlxG6RbBRg,2020-01-25
287,Po7yaJR_HwDugcmjkHpVJw,2020-02-20
288,NjRS7W42lvXFmW42Tss8iQ,2020-03-05
289,2-iI34vDmasw6obKOJYc5w,2020-01-18
290,VwMIU43kdfRj1GiT_ZGiIg,2020-01-05
291,PFzYiALO5xJG5WQMpFJq3Q,2020-02-17
292,_a7BES74d_thQfpNBuk8Gw,2020-03-08
293,q0Rl_JYb0u-O4K9prjM_eA,2020-03-09
294,p75NlT4GnqZu-fbY0g1zCg,2020-02-11
295,95na2VM0Uw4P1_XByqfvaw,2020-04-03
296,pyrrsR34qzrHkH9BwKWY8A,2020-02-25
297,qwKbrVLWJcrfmD9R1pHRqw,2020-01-08
298,LlD-xxpekTrbrZOT0z5vRQ,2020-04-09
299,LYTU0T4adpyRZ7-QkvKuQg,2020-01-14
300,JTLw5uqXULRsbtram8D7dw,2020-02-15
301,sVmyS7nKXOoF6UcMNmF76w,2020-03-04
302,4ruuqimNiC83C2YhCcw2rw,2020-03-03
303,dFRwBvNeQ1MIq4jC_5tx8A,2020-01-10
304,tU2RKLfZQ3zEaDkrlCphjA,2020-01-05
305,qJaVb4Qd7cGnvy1HDm7Fkw,2020-03-20
306,Jdo74G-b5BofOpEGOASkhQ,2020-01-30
307,EdE6HT9cNC0eZ1tEp3zfZg,2020-03-14
308,V5HOClATd5IF1JmAABoc4Q,2020-02-03
309,52OcWX2faOSLJPMhMfzJjw,2020-02-05
310,FiV7aIYlEt6RiItkZ_xnNQ,2020-02-06
311,K0XGyacTD-h4sr_95P5TaA,2020-02-19
312,igWWv0Ljlc9iWxmoQSqOqg,2020-02-07
313,E_58GDCJTShLC8E721bk2g,2020-03-18
314,tiYIit6brXvw385kpvp86A,2020-03-01
315,O4GWKZzaxGhOn3D5yaP92g,2020-04-02
316,dLW-leoXP1ArvFOehMWNfA,2020-03-16
317,FQCcO7ZiHV2iV9kdGR9Qww,2020-01-10
318,XcPSZ-VPGFJWN1iPxSIP4A,2020-01-07
319,Kkl8PfuwZgkMVTSRoDIWyQ,2020-01-29
320,kjzjtEKBKfaVf2GPMDMXrA,2020-01-08
321,N2YR9TlKmH1nUiDIg2jtuA,2020-01-07
322,7K7Q9S21tt5evqTCDVlcVA,2020-02-24
323,3sVVkH3kOA2ntcT5vQonIQ,2020-02-26
324,cu7kGXuU2FvNdQdCanM0Rw,2020-03-06
325,hEWAJjTdOt2svriW8nMQNA,2020-01-28
326,pVXKljQUsLY9xqBWoznujw,2020-01-20
327,7kr-pVgWnAe4GZqgH0IwKg,2020-01-26
328,C4tZcCVa8eFN24OqN-nzUw,2020-04-04
329,3bBzg8tdzxRUocR5YTcPnw,2020-03-03
330,7L6hCuHyCigtGGFqN4CUsA,2020-01-02
331,aK53biEafGV266j_1pxbug,2020-01-06
332,KMJZ3W3Ftsxv3-3GijjnJg,2020-03-15
333,_2fbm1twxz7SnlT-0LRq6g,2020-02-17
334,xoEWZ6NnRdbTpbFCK9jc0A,2020-04-04
335,gJ7OTgpsv-EHGBDXstsbIQ,2020-01-19
336,43TxiIGPhP52pWus14xkpw,2020-02-06
337,-FfpqCzuw2p6tlAL7WYN4g,2020-01-12
338,kvaxG-ZDjBKxJot35Y7haA,2020-01-28
339,4QHgN747gcndHGw8s2In8A,2020-01-22
340,MIXjH3tFFW7-ejZafIu6jw,2020-03-05
341,Jqev15wBVKFvxIlACAYYJA,2020-04-02
342,dnAkUAx4iX0g5NqEFyCLGQ,2020-03-30
343,EplNeCF2VQZLIHp1VWYtJg,2020-02-19
344,lHzs-xKMqfjBDXngROMp_Q,2020-04-07
345,PLZ-UTquWqHfZtAZFoY6Gw,2020-03-13
346,_7w7OOq2L1y1voyCl2XqkQ,2020-02-05
347,w6I6lZxqKB_qBYkAKaQYGg,2020-01-25
348,y4aZak85OqDicYl7-nONAg,2020-02-15
349,hdeodBYjktaUU1ewDVu5Hw,2020-01-31
350,8CqEQBxjMKbxa1WCv5iYdw,2020-01-19
351,qwKbrVLWJcrfmD9R1pHRqw,2020-03-19
352,geXGwOaHx9WVsgk4bRE8-g,2020-02-14
353,O3yq-JSLGyXS1oPJk8Sfww,2020-02-07
354,mMJWTqysHpe0sOyTWD5ovg,2020-01-04
355,lv4qugA-nFl8W5psVh814A,2020-03-04
356,osHRztMxdBXxMGIXO4-xng,2020-03-06
357,TOHtpd78H8jPAlYMP-cH_Q,2020-01-03
358,pgFHVR9W_FHCMoPc8fe9xw,2020-01-16
359,FG7pjfHdjG26A4lhKlLHpQ,2020-03-27
360,YCnLWZ4442V6zj7i3ZO0Vg,2020-04-07
361,IVWyAFp-9xQ39Y3zO7nehg,2020-02-05
362,FW4fYi4lZ7tVv7StXWdFOg,2020-01-13
363,8AjEbAo3O7_xaTox6_A4CA,2020-02-13
364,Kneukp0ieeELjF-V7Qf7xA,2020-01-15
365,niKx0bfwyfwp8emFWV7Zyw,2020-01-16
366,3v-d4m3Y3x0Lr6344aT8yA,2020-01-03
367,7tPU9znRkODodZ1rL_Ez_Q,2020-01-27
368,DbwU9M3ZfecV0Kr4epKh3w,2020-04-06
369,u8ipkF_PwdoybLOz4v-p3Q,2020-03-18
370,N6EW-ABIRX00ytqYME3W6Q,2020-01-05
371,ThTcIYECME8uUcyMOsGM5w,2020-01-31
372,Zbg-irhuUntCllRrS3BbDw,2020-02-21
373,vqWLwVV9ngpbMUOr7PA71w,2020-03-08
374,lqRnsVSAg9--3m6fPIv3CQ,2020-01-10
375,Wt44TJsNxbLwMdLx8LGDeQ,2020-01-31
376,mjvqNejxI-LR84UZr5dYmQ,2020-02-16
377,Qe4PLKqGmVmsvOe_-RMdJg,2020-03-18
378,bWaHSE5fqk994_hDJ4bwwg,2020-01-08
379,r1bcsA966ABJ6skfh_xhdQ,2020-02-19
380,0xoTiLD3xfY4QPxQFpiU2g,2020-02-12
381,v9mWUUivFCCKceb0FA7qXw,2020-01-24
382,OJhuFOqYFBzYnvogzGAuAg,2020-04-07
383,69xYNV-OgCcgFnxEBe4CDg,2020-01-02
384,vW8MB0g1LZNJNNYFEQnxnw,2020-02-13
385,8x6xjNCbYKeXvyvgNwBpZA,2020-02-16
386,MehVcfsKHp515zj-rIEI5Q,2020-01-04
387,LVl_UIFxAKYc0nlo_rQrpQ,2020-01-16
388,z-DbhS74KapKCDVboZDyJg,2020-04-08
389,cb8X0vmjeZZxaT1V6VOgfg,2020-03-13
390,6bRLM7AQ00Dy5r2adhv8pg,2020-02-20
391,uw2e9Z-QXWcU3c_kEqaoPA,2020-02-05
392,mBwZQKZq_MVTt2a3BCq_MA,2020-01-21
393,B8xiCF4qNg7vLz0EfyEL5A,2020-01-29
394,ybV-txaH-ypl1zxLifSNlw,2020-01-19
395,sobp_OLDBrp5wKA3jScE_A,2020-02-05
396,b6-282rH6pbhw-J51oForQ,2020-02-18
397,MKFH91Zkg981ytFvJQKCEg,2020-01-14
398,F_Ap8Ux6kxh5bm6MT5VjVg,2020-03-19
399,hpaeAT2cr4s5pOh1gQ7wMg,2020-02-11
400,ckXRRgPSpYz_idT0XP4eww,2020-03-09
401,pZv-yQbkitAjrgiM3CMW4A,2020-02-20
402,paqwgbEh_iJ0Y1zjM0ed1A,2020-01-19
403,Qb1nWLusRmAM08xX8jFS8Q,2020-02-05
404,VsikA75L4MuWILPkYombLg,2020-03-24
405,q_tMkN8i_2FGhzMuo_Y0Kw,2020-03-28
406,nlcUMASTkAV1xgiLkD27tg,2020-03-22
407,JwtKk0ogXjG5vpSGJGFNlQ,2020-03-20
