admin_id,name,memberSizeLimit,created_at
YCnLWZ4442V6zj7i3ZO0Vg,Ile-Bizard-Sainte-Genevieve,16,2020-04-07
IVWyAFp-9xQ39Y3zO7nehg,Willy St,10,2020-02-05
FW4fYi4lZ7tVv7StXWdFOg,Emsworth,5,2020-01-13
8AjEbAo3O7_xaTox6_A4CA,Maple - Prairie,12,2020-02-13
Kneukp0ieeELjF-V7Qf7xA,Glenville,17,2020-01-15
niKx0bfwyfwp8emFWV7Zyw,Pointe-Claire,11,2020-01-16
3v-d4m3Y3x0Lr6344aT8yA,Allied Dunn's Marsh,18,2020-01-03
7tPU9znRkODodZ1rL_Ez_Q,Bon Air,7,2020-01-27
DbwU9M3ZfecV0Kr4epKh3w,200th Street,11,2020-04-06
u8ipkF_PwdoybLOz4v-p3Q,Orchard Ridge Community,9,2020-03-18
N6EW-ABIRX00ytqYME3W6Q,Erindale,9,2020-01-05
ThTcIYECME8uUcyMOsGM5w,Highland,11,2020-01-31
Zbg-irhuUntCllRrS3BbDw,Millvale,11,2020-02-21
vqWLwVV9ngpbMUOr7PA71w,Concord,7,2020-03-08
lqRnsVSAg9--3m6fPIv3CQ,Hawk's Landing,6,2020-01-10
Wt44TJsNxbLwMdLx8LGDeQ,Baie-d'Urf√©,18,2020-01-31
mjvqNejxI-LR84UZr5dYmQ,Lincoln,6,2020-02-16
Qe4PLKqGmVmsvOe_-RMdJg,Downtown Tampa,10,2020-03-18
